tag.ID,ch,stock,sex,stat.week,year
15,000B,NA,M,31,2020
35,000B,NA,M,31,2020
55,000B,NA,M,31,2020
95,0BAB,NA,M,32,2020
115,00BA,NA,F,32,2020
130,0BXB,NA,M,32,2021
135,000B,NA,M,32,2020
150,BWBA,NA,M,32,2021
155,000B,NA,F,32,2020
170,000B,NA,F,33,2021
175,00BA,NA,M,32,2020
190,000B,NA,F,33,2021
230,000B,NA,F,33,2021
235,00BA,NA,M,32,2020
250,000B,NA,F,33,2021
255,00BA,NA,F,32,2020
290,000B,NA,M,33,2021
295,000B,NA,M,32,2020
315,000B,NA,M,32,2020
330,000B,NA,M,33,2021
335,000B,NA,M,32,2020
350,000B,NA,M,33,2021
355,000B,NA,M,32,2020
370,00BA,NA,M,33,2021
410,00BA,NA,F,33,2021
455,0BAB,NA,F,32,2020
495,0BAB,NA,M,32,2020
530,000B,NA,F,33,2021
550,000B,NA,M,33,2021
595,000B,NA,M,32,2020
635,0BAB,NA,M,32,2020
655,0BAB,NA,F,32,2020
695,0BAB,NA,F,32,2020
730,000B,NA,F,33,2021
750,0BWB,NA,M,33,2021
775,000B,NA,M,32,2020
790,000B,NA,M,33,2021
810,000B,NA,F,34,2021
830,000B,NA,M,34,2021
850,000B,NA,M,34,2021
855,000B,NA,F,32,2020
875,0BAB,NA,M,32,2020
910,000B,NA,M,34,2021
915,00BA,NA,F,32,2020
950,000B,NA,M,34,2021
975,000B,NA,M,32,2020
990,000B,NA,F,34,2021
1050,000B,NA,M,34,2021
1115,0BAB,NA,M,32,2020
1150,000B,NA,M,35,2021
1170,000B,NA,M,35,2021
1190,000B,NA,M,35,2021
1230,000B,NA,M,35,2021
1250,00BA,NA,F,35,2021
1270,000B,NA,M,35,2021
1290,0BAB,NA,M,35,2021
1295,00BA,NA,M,32,2020
1330,000B,NA,M,35,2021
1355,00BA,NA,F,32,2020
1395,0BAB,NA,M,32,2020
1410,0BAB,NA,F,35,2021
1415,00BA,NA,M,32,2020
1475,000B,NA,M,33,2020
1490,000B,NA,F,35,2021
1530,000B,NA,F,35,2021
1550,000B,NA,M,35,2021
1555,00BA,NA,M,33,2020
1570,000B,NA,F,35,2021
1590,000B,NA,F,35,2021
1595,000B,NA,M,33,2020
1610,000B,NA,F,35,2021
1670,000B,NA,F,35,2021
1690,000B,NA,M,35,2021
1710,000B,NA,F,35,2021
1715,000B,NA,F,33,2020
1750,000B,NA,F,35,2021
1790,00BA,NA,F,35,2021
1810,000B,NA,F,35,2021
1830,0BAB,NA,F,35,2021
1850,000B,NA,M,35,2021
1890,000B,NA,F,35,2021
1895,000B,NA,F,33,2020
1910,000B,NA,M,35,2021
1930,00BA,NA,M,35,2021
1935,000B,NA,M,33,2020
1950,000B,NA,F,35,2021
1990,0BAB,NA,F,35,2021
2050,000B,NA,M,35,2021
2070,000B,NA,F,35,2021
2075,000B,NA,F,33,2020
2095,000B,NA,M,33,2020
2110,000B,NA,F,35,2021
2190,000B,NA,F,35,2021
2210,000B,NA,F,35,2021
2230,000B,NA,F,35,2021
2250,000B,NA,M,35,2021
2270,000B,NA,F,35,2021
2275,000B,NA,F,33,2020
2295,BAWA,NA,M,33,2020
2310,000B,NA,F,35,2021
2370,000B,NA,M,35,2021
2390,0BXB,NA,M,35,2021
2410,000B,NA,F,35,2021
2430,000B,NA,M,35,2021
2435,000B,NA,M,34,2020
2450,000B,NA,F,35,2021
2470,000B,NA,F,35,2021
2490,000B,NA,M,35,2021
2595,000B,NA,M,34,2020
2635,000B,NA,F,34,2020
2655,000B,NA,F,34,2020
2675,00BA,NA,F,34,2020
2695,BWBA,NA,M,34,2020
2755,000B,NA,F,34,2020
2875,000B,NA,F,34,2020
3015,000B,NA,F,34,2020
3035,000B,NA,F,34,2020
3055,000B,NA,M,34,2020
3095,000B,NA,M,34,2020
3135,000B,NA,M,34,2020
3155,000B,NA,M,34,2020
3195,000B,NA,F,34,2020
3235,000B,NA,M,35,2020
3255,000B,NA,F,35,2020
3275,000B,NA,M,35,2020
3295,000B,NA,M,35,2020
3315,000B,NA,F,35,2020
3355,000B,NA,M,35,2020
3415,000B,NA,F,35,2020
3435,000B,NA,M,35,2020
3455,000B,NA,M,35,2020
3555,000B,NA,M,35,2020
3575,00BA,NA,M,35,2020
3675,000B,NA,F,35,2020
3755,000B,NA,M,35,2020
3775,0BAB,NA,F,35,2020
3815,000B,NA,M,35,2020
3835,000B,NA,M,35,2020
3875,000B,NA,M,35,2020
3955,000B,NA,F,35,2020
4110,00AB,NA,M,32,2021
4130,00AB,NA,M,32,2021
4150,00AB,NA,M,32,2021
4170,000A,NA,M,32,2021
4195,00AB,NA,F,32,2020
4210,000A,NA,F,32,2021
4215,AWAB,NA,M,32,2020
4230,000A,NA,F,32,2021
4290,00AB,NA,F,32,2021
4310,000A,NA,M,32,2021
4370,00AB,NA,M,32,2021
4390,000A,NA,M,32,2021
4395,00AB,NA,M,32,2020
4410,000A,NA,M,32,2021
4430,000A,NA,M,32,2021
4450,00AB,NA,M,32,2021
4455,00AB,NA,F,32,2020
4490,00AB,NA,M,33,2021
4570,AXAB,NA,M,33,2021
4670,AXAB,NA,F,33,2021
4715,00AB,NA,F,33,2020
4730,000A,NA,F,33,2021
4770,00AB,NA,M,34,2021
4790,00AB,NA,M,34,2021
4830,00AB,NA,M,34,2021
4870,000A,NA,M,34,2021
4890,000A,NA,M,34,2021
4910,00AB,NA,F,35,2021
4950,000A,NA,M,35,2021
4970,00AB,NA,M,35,2021
4990,00AB,NA,M,35,2021
5010,00AB,NA,F,35,2021
5015,00AB,NA,F,33,2020
5050,000A,NA,M,35,2021
5090,000A,NA,F,35,2021
5110,ABXB,NA,F,35,2021
5115,00AB,NA,M,33,2020
5130,00AB,NA,F,35,2021
5135,00AB,NA,F,33,2020
5155,000A,NA,F,33,2020
5170,00AB,NA,F,35,2021
5210,ABXB,NA,F,35,2021
5230,00AB,NA,M,35,2021
5250,000A,NA,M,35,2021
5290,00AB,NA,M,35,2021
5330,00AB,NA,F,35,2021
5350,0ABA,NA,F,35,2021
5370,00AB,NA,M,35,2021
5390,00AB,NA,F,35,2021
5395,00AB,NA,F,33,2020
5430,00AB,NA,M,35,2021
5435,0ABA,NA,M,33,2020
5455,000A,NA,F,33,2020
5490,00AB,NA,F,35,2021
5530,00AB,NA,F,35,2021
5550,000A,NA,F,35,2021
5635,000A,NA,F,33,2020
5695,0ABA,NA,M,33,2020
5775,00AB,NA,M,33,2020
5855,ABXB,NA,F,33,2020
5895,00AB,NA,M,33,2020
5935,00AB,NA,M,33,2020
5975,00AB,NA,F,33,2020
6035,000A,NA,M,33,2020
6155,00AB,NA,M,33,2020
6195,000A,NA,M,33,2020
6235,00AB,NA,F,33,2020
6255,00AB,NA,M,33,2020
6295,00AB,NA,F,33,2020
6355,00AB,NA,F,33,2020
6435,000A,NA,M,34,2020
6455,000A,NA,F,34,2020
6495,000A,NA,F,34,2020
6515,00AB,NA,M,34,2020
6615,AXAB,NA,M,34,2020
6735,000A,NA,M,34,2020
6775,0AXA,NA,M,34,2020
6835,ABAB,NA,F,34,2020
6855,000A,NA,F,34,2020
6915,000A,NA,F,34,2020
7255,00AB,NA,F,35,2020
7275,00AB,NA,F,35,2020
7315,00AB,NA,F,35,2020
7335,00AB,NA,F,35,2020
7375,00AB,NA,M,35,2020
7435,00AB,NA,F,35,2020
7495,0ABA,NA,F,35,2020
7515,00AB,NA,F,35,2020
7535,00AB,NA,F,35,2020
7555,00AB,NA,M,35,2020
7575,00AB,NA,F,35,2020
7595,000A,NA,M,35,2020
7635,00AB,NA,F,35,2020
7655,0ABA,NA,F,35,2020
7715,00AB,NA,M,35,2020
7735,000A,NA,F,35,2020
7755,000A,NA,F,35,2020
7775,000A,NA,F,35,2020
7875,00AB,NA,F,35,2020
7915,000A,NA,F,35,2020
7995,00AB,NA,F,35,2020
435,0BAV,Shaktoolik,M,32,2020
895,0BAV,Shaktoolik,F,32,2020
1175,0BAV,Shaktoolik,M,32,2020
1335,0BAV,Shaktoolik,M,32,2020
1675,0BAV,Shaktoolik,M,33,2020
2415,0BAV,Shaktoolik,M,34,2020
4055,00AV,Shaktoolik,M,31,2020
4075,00AV,Shaktoolik,M,31,2020
4190,ABAV,Shaktoolik,F,32,2021
4330,ABAV,Shaktoolik,F,32,2021
4510,00AV,Shaktoolik,M,33,2021
4530,00AV,Shaktoolik,F,33,2021
4590,00AV,Shaktoolik,M,33,2021
4610,00AV,Shaktoolik,M,33,2021
4635,ABAV,Shaktoolik,M,33,2020
4650,00AV,Shaktoolik,M,33,2021
4750,AXAV,Shaktoolik,M,33,2021
4810,00AV,Shaktoolik,M,34,2021
4930,00AV,Shaktoolik,M,35,2021
5275,00AV,Shaktoolik,F,33,2020
5375,00AV,Shaktoolik,F,33,2020
5615,00AV,Shaktoolik,F,33,2020
5755,00AV,Shaktoolik,F,33,2020
6015,00AV,Shaktoolik,M,33,2020
6075,00AV,Shaktoolik,F,33,2020
6215,00AV,Shaktoolik,F,33,2020
6275,00AV,Shaktoolik,M,33,2020
6315,00AV,Shaktoolik,F,33,2020
6395,00AV,Shaktoolik,F,33,2020
6475,00AV,Shaktoolik,F,34,2020
6535,00AV,Shaktoolik,M,34,2020
6555,00AV,Shaktoolik,M,34,2020
6595,00AV,Shaktoolik,F,34,2020
6655,00AV,Shaktoolik,M,34,2020
6675,00AV,Shaktoolik,F,34,2020
6695,00AV,Shaktoolik,F,34,2020
6715,00AV,Shaktoolik,F,34,2020
6875,00AV,Shaktoolik,M,34,2020
6895,00AV,Shaktoolik,M,34,2020
6935,00AV,Shaktoolik,F,34,2020
6975,00AV,Shaktoolik,M,34,2020
7035,00AV,Shaktoolik,M,34,2020
7075,00AV,Shaktoolik,F,34,2020
7115,00AV,Shaktoolik,M,34,2020
7155,00AV,Shaktoolik,M,34,2020
7175,00AV,Shaktoolik,M,34,2020
7195,00AV,Shaktoolik,F,34,2020
7295,00AV,Shaktoolik,M,35,2020
7355,00AV,Shaktoolik,F,35,2020
7615,AXAV,Shaktoolik,F,35,2020
7815,00AV,Shaktoolik,F,35,2020
7935,00AV,Shaktoolik,F,35,2020
7975,00AV,Shaktoolik,M,35,2020
930,0BAX,Transitory,M,34,2021
1010,BXBX,Transitory,M,34,2021
1375,0BAX,Transitory,M,32,2020
1430,0BAX,Transitory,M,35,2021
1435,00BX,Transitory,M,32,2020
1655,0BAX,Transitory,M,33,2020
1835,00BX,Transitory,M,33,2020
2055,00BX,Transitory,M,33,2020
2195,0BAX,Transitory,F,33,2020
2455,00BX,Transitory,M,34,2020
2535,00BX,Transitory,M,34,2020
2835,00BX,Transitory,M,34,2020
2895,00BX,Transitory,M,34,2020
3375,BABX,Transitory,M,35,2020
3995,00BX,Transitory,M,35,2020
4175,0ABX,Transitory,M,32,2020
4235,0ABX,Transitory,M,32,2020
4350,AWAX,Transitory,M,32,2021
4355,0ABX,Transitory,M,32,2020
4630,00AX,Transitory,M,33,2021
4690,AXAX,Transitory,F,33,2021
5055,00AX,Transitory,M,33,2020
5095,0ABX,Transitory,F,33,2020
5150,00AX,Transitory,M,35,2021
5355,ABAX,Transitory,F,33,2020
5415,0ABX,Transitory,F,33,2020
5475,0ABX,Transitory,F,33,2020
5495,0ABX,Transitory,M,33,2020
5675,0ABX,Transitory,F,33,2020
5715,0ABX,Transitory,F,33,2020
5835,00AX,Transitory,F,33,2020
5875,0ABX,Transitory,F,33,2020
5995,0ABX,Transitory,F,33,2020
6335,0ABX,Transitory,M,33,2020
6375,00AX,Transitory,F,33,2020
6415,0ABX,Transitory,M,34,2020
6635,0ABX,Transitory,M,34,2020
7055,0ABX,Transitory,M,34,2020
7675,00AX,Transitory,M,35,2020
7695,0ABX,Transitory,M,35,2020
7895,0ABX,Transitory,F,35,2020
75,00BW,Unalakleet,F,32,2020
110,00BW,Unalakleet,M,32,2021
195,00BW,Unalakleet,M,32,2020
210,00BW,Unalakleet,M,33,2021
215,00BW,Unalakleet,M,32,2020
270,BABW,Unalakleet,M,33,2021
275,00BW,Unalakleet,M,32,2020
310,BABW,Unalakleet,M,33,2021
375,00BW,Unalakleet,M,32,2020
390,00BW,Unalakleet,F,33,2021
395,00BW,Unalakleet,M,32,2020
415,00BW,Unalakleet,M,32,2020
430,00BW,Unalakleet,F,33,2021
450,00BW,Unalakleet,F,33,2021
470,00BW,Unalakleet,F,33,2021
475,BABW,Unalakleet,F,32,2020
490,00BW,Unalakleet,M,33,2021
510,00BW,Unalakleet,F,33,2021
515,BABW,Unalakleet,F,32,2020
535,00BW,Unalakleet,M,32,2020
555,00BW,Unalakleet,F,32,2020
570,00BW,Unalakleet,M,33,2021
575,00BW,Unalakleet,M,32,2020
590,00BW,Unalakleet,M,33,2021
610,00BW,Unalakleet,F,33,2021
615,BABW,Unalakleet,M,32,2020
630,00BW,Unalakleet,M,33,2021
650,00BW,Unalakleet,F,33,2021
670,00BW,Unalakleet,F,33,2021
675,00BW,Unalakleet,M,32,2020
690,00BW,Unalakleet,M,33,2021
710,00BW,Unalakleet,M,33,2021
715,00BW,Unalakleet,M,32,2020
735,00BW,Unalakleet,M,32,2020
770,00BW,Unalakleet,M,33,2021
815,00BW,Unalakleet,F,32,2020
835,00BW,Unalakleet,M,32,2020
870,00BW,Unalakleet,F,34,2021
890,00BW,Unalakleet,M,34,2021
935,00BW,Unalakleet,M,32,2020
955,00BW,Unalakleet,F,32,2020
970,00BW,Unalakleet,M,34,2021
995,00BW,Unalakleet,M,32,2020
1015,00BW,Unalakleet,M,32,2020
1030,00BW,Unalakleet,M,34,2021
1035,BWBW,Unalakleet,M,32,2020
1055,BABW,Unalakleet,F,32,2020
1070,00BW,Unalakleet,M,34,2021
1075,00BW,Unalakleet,F,32,2020
1090,00BW,Unalakleet,F,35,2021
1095,00BW,Unalakleet,M,32,2020
1110,00BW,Unalakleet,F,35,2021
1130,BXBW,Unalakleet,M,35,2021
1135,00BW,Unalakleet,M,32,2020
1155,BABW,Unalakleet,M,32,2020
1195,BABW,Unalakleet,M,32,2020
1210,00BW,Unalakleet,F,35,2021
1215,00BW,Unalakleet,F,32,2020
1235,00BW,Unalakleet,M,32,2020
1255,BABW,Unalakleet,F,32,2020
1275,BXBW,Unalakleet,M,32,2020
1310,00BW,Unalakleet,M,35,2021
1315,BABW,Unalakleet,M,32,2020
1350,00BW,Unalakleet,M,35,2021
1370,00BW,Unalakleet,M,35,2021
1390,00BW,Unalakleet,F,35,2021
1450,00BW,Unalakleet,F,35,2021
1455,00BW,Unalakleet,F,33,2020
1470,00BW,Unalakleet,F,35,2021
1495,00BW,Unalakleet,F,33,2020
1510,00BW,Unalakleet,F,35,2021
1515,00BW,Unalakleet,F,33,2020
1535,00BW,Unalakleet,F,33,2020
1575,00BW,Unalakleet,M,33,2020
1615,00BW,Unalakleet,M,33,2020
1630,00BW,Unalakleet,M,35,2021
1650,00BW,Unalakleet,F,35,2021
1695,BABW,Unalakleet,M,33,2020
1730,00BW,Unalakleet,M,35,2021
1735,00BW,Unalakleet,F,33,2020
1755,00BW,Unalakleet,F,33,2020
1770,00BW,Unalakleet,M,35,2021
1775,00BW,Unalakleet,M,33,2020
1795,00BW,Unalakleet,M,33,2020
1815,00BW,Unalakleet,F,33,2020
1855,00BW,Unalakleet,M,33,2020
1870,00BW,Unalakleet,M,35,2021
1875,00BW,Unalakleet,M,33,2020
1915,00BW,Unalakleet,M,33,2020
1955,00BW,Unalakleet,F,33,2020
1970,00BW,Unalakleet,F,35,2021
1975,00BW,Unalakleet,M,33,2020
1995,00BW,Unalakleet,M,33,2020
2010,00BW,Unalakleet,M,35,2021
2015,00BW,Unalakleet,M,33,2020
2030,00BW,Unalakleet,F,35,2021
2090,00BW,Unalakleet,F,35,2021
2115,00BW,Unalakleet,M,33,2020
2130,00BW,Unalakleet,M,35,2021
2135,00BW,Unalakleet,F,33,2020
2150,00BW,Unalakleet,M,35,2021
2155,00BW,Unalakleet,M,33,2020
2170,00BW,Unalakleet,M,35,2021
2175,BXBW,Unalakleet,M,33,2020
2215,00BW,Unalakleet,M,33,2020
2235,00BW,Unalakleet,F,33,2020
2290,00BW,Unalakleet,M,35,2021
2315,00BW,Unalakleet,F,33,2020
2330,00BW,Unalakleet,M,35,2021
2335,00BW,Unalakleet,F,33,2020
2350,00BW,Unalakleet,M,35,2021
2355,BABW,Unalakleet,F,33,2020
2375,00BW,Unalakleet,F,33,2020
2395,00BW,Unalakleet,M,33,2020
2475,00BW,Unalakleet,M,34,2020
2495,00BW,Unalakleet,F,34,2020
2515,00BW,Unalakleet,F,34,2020
2555,00BW,Unalakleet,F,34,2020
2575,00BW,Unalakleet,F,34,2020
2615,00BW,Unalakleet,F,34,2020
2715,00BW,Unalakleet,M,34,2020
2735,00BW,Unalakleet,M,34,2020
2775,00BW,Unalakleet,M,34,2020
2795,00BW,Unalakleet,F,34,2020
2815,00BW,Unalakleet,F,34,2020
2855,00BW,Unalakleet,F,34,2020
2915,BABW,Unalakleet,M,34,2020
2935,00BW,Unalakleet,M,34,2020
2955,00BW,Unalakleet,F,34,2020
2975,00BW,Unalakleet,M,34,2020
2995,00BW,Unalakleet,F,34,2020
3075,00BW,Unalakleet,F,34,2020
3115,00BW,Unalakleet,M,34,2020
3175,00BW,Unalakleet,M,34,2020
3215,00BW,Unalakleet,M,35,2020
3335,00BW,Unalakleet,M,35,2020
3395,00BW,Unalakleet,F,35,2020
3475,00BW,Unalakleet,M,35,2020
3495,00BW,Unalakleet,M,35,2020
3515,00BW,Unalakleet,M,35,2020
3535,00BW,Unalakleet,F,35,2020
3595,00BW,Unalakleet,M,35,2020
3615,00BW,Unalakleet,M,35,2020
3655,00BW,Unalakleet,M,35,2020
3695,00BW,Unalakleet,F,35,2020
3715,00BW,Unalakleet,M,35,2020
3735,00BW,Unalakleet,F,35,2020
3795,00BW,Unalakleet,F,35,2020
3855,00BW,Unalakleet,M,35,2020
3895,00BW,Unalakleet,M,35,2020
3915,00BW,Unalakleet,F,35,2020
3935,00BW,Unalakleet,M,35,2020
3975,00BW,Unalakleet,M,35,2020
4015,0ABW,Unalakleet,M,31,2020
4035,0ABW,Unalakleet,M,31,2020
4135,0ABW,Unalakleet,F,31,2020
4155,0ABW,Unalakleet,F,32,2020
4250,0ABW,Unalakleet,F,32,2021
4255,0ABW,Unalakleet,M,32,2020
4270,0ABW,Unalakleet,F,32,2021
4275,0ABW,Unalakleet,F,32,2020
4295,0ABW,Unalakleet,M,32,2020
4315,0ABW,Unalakleet,F,32,2020
4335,0ABW,Unalakleet,F,32,2020
4375,0ABW,Unalakleet,M,32,2020
4415,0ABW,Unalakleet,M,32,2020
4435,0ABW,Unalakleet,M,32,2020
4470,0ABW,Unalakleet,M,33,2021
4475,0ABW,Unalakleet,M,32,2020
4495,0ABW,Unalakleet,M,32,2020
4515,0ABW,Unalakleet,M,32,2020
4535,0ABW,Unalakleet,F,33,2020
4550,0ABW,Unalakleet,M,33,2021
4555,0ABW,Unalakleet,M,33,2020
4575,0ABW,Unalakleet,M,33,2020
4595,0ABW,Unalakleet,M,33,2020
4615,0ABW,Unalakleet,F,33,2020
4655,0ABW,Unalakleet,M,33,2020
4675,0ABW,Unalakleet,M,33,2020
4695,0ABW,Unalakleet,M,33,2020
4710,0ABW,Unalakleet,M,33,2021
4735,0ABW,Unalakleet,M,33,2020
4755,0ABW,Unalakleet,M,33,2020
4775,0ABW,Unalakleet,M,33,2020
4795,0ABW,Unalakleet,M,33,2020
4815,0ABW,Unalakleet,M,33,2020
4835,0ABW,Unalakleet,M,33,2020
4850,0ABW,Unalakleet,F,34,2021
4855,0ABW,Unalakleet,M,33,2020
4875,0ABW,Unalakleet,M,33,2020
4895,0ABW,Unalakleet,M,33,2020
4935,0ABW,Unalakleet,M,33,2020
4955,0ABW,Unalakleet,M,33,2020
4995,0ABW,Unalakleet,M,33,2020
5030,0ABW,Unalakleet,M,35,2021
5035,0ABW,Unalakleet,M,33,2020
5070,0ABW,Unalakleet,M,35,2021
5075,0ABW,Unalakleet,F,33,2020
5175,0ABW,Unalakleet,M,33,2020
5190,0ABW,Unalakleet,F,35,2021
5195,0ABW,Unalakleet,M,33,2020
5215,0ABW,Unalakleet,M,33,2020
5235,0ABW,Unalakleet,F,33,2020
5255,0ABW,Unalakleet,M,33,2020
5270,0ABW,Unalakleet,F,35,2021
5295,0ABW,Unalakleet,F,33,2020
5310,0ABW,Unalakleet,M,35,2021
5315,0ABW,Unalakleet,M,33,2020
5335,0ABW,Unalakleet,M,33,2020
5410,0ABW,Unalakleet,M,35,2021
5450,0ABW,Unalakleet,M,35,2021
5470,0ABW,Unalakleet,M,35,2021
5510,0ABW,Unalakleet,F,35,2021
5515,0ABW,Unalakleet,F,33,2020
5535,0ABW,Unalakleet,M,33,2020
5555,0ABW,Unalakleet,M,33,2020
5575,0ABW,Unalakleet,M,33,2020
5595,0ABW,Unalakleet,F,33,2020
5655,0ABW,Unalakleet,F,33,2020
5735,0ABW,Unalakleet,M,33,2020
5795,0ABW,Unalakleet,F,33,2020
5815,0ABW,Unalakleet,M,33,2020
5915,0ABW,Unalakleet,F,33,2020
5955,0ABW,Unalakleet,M,33,2020
6055,0ABW,Unalakleet,M,33,2020
6095,0ABW,Unalakleet,F,33,2020
6115,0ABW,Unalakleet,F,33,2020
6135,0ABW,Unalakleet,F,33,2020
6175,0ABW,Unalakleet,M,33,2020
6575,0ABW,Unalakleet,F,34,2020
6755,0ABW,Unalakleet,F,34,2020
6815,0ABW,Unalakleet,M,34,2020
6955,0ABW,Unalakleet,M,34,2020
6995,0ABW,Unalakleet,M,34,2020
7015,0ABW,Unalakleet,M,34,2020
7135,0ABW,Unalakleet,M,34,2020
7215,0ABW,Unalakleet,M,35,2020
7235,0ABW,Unalakleet,M,35,2020
7395,0ABW,Unalakleet,F,35,2020
7415,0ABW,Unalakleet,M,35,2020
7475,0ABW,Unalakleet,F,35,2020
7835,0ABW,Unalakleet,M,35,2020
7955,0ABW,Unalakleet,F,35,2020
